Altium Designer Pick and Place Locations
C:\Users\uqltan14\Desktop\hardware-suction\Project Outputs for Suction\Pick Place for Panel_10x2(SingleR).csv

========================================================================================================================
File Design Information:

Date:       06/07/22
Time:       14:07
Revision:   b20911fe1afa8fb97f03aef2ac656d842d1f25ff
Variant:    SingleR
Units used: mm

"Designator","Center-X(mm)","Center-Y(mm)","Layer","Rotation","Footprint"
"C1","1.7529mm","9.8490mm","TopLayer","360","C0805"
"C1","1.7529mm","38.1590mm","TopLayer","360","C0805"
"C1","7.2529mm","9.8490mm","TopLayer","360","C0805"
"C1","7.2529mm","38.1590mm","TopLayer","360","C0805"
"C1","12.7529mm","9.8490mm","TopLayer","360","C0805"
"C1","12.7529mm","38.1590mm","TopLayer","360","C0805"
"C1","18.2530mm","9.8490mm","TopLayer","360","C0805"
"C1","18.2530mm","38.1590mm","TopLayer","360","C0805"
"C1","23.7530mm","9.8490mm","TopLayer","360","C0805"
"C1","23.7530mm","38.1590mm","TopLayer","360","C0805"
"C1","29.2530mm","9.8490mm","TopLayer","360","C0805"
"C1","29.2530mm","38.1590mm","TopLayer","360","C0805"
"C1","34.7531mm","9.8490mm","TopLayer","360","C0805"
"C1","34.7531mm","38.1590mm","TopLayer","360","C0805"
"C1","40.2531mm","9.8490mm","TopLayer","360","C0805"
"C1","40.2531mm","38.1590mm","TopLayer","360","C0805"
"C1","45.7532mm","9.8490mm","TopLayer","360","C0805"
"C1","45.7532mm","38.1590mm","TopLayer","360","C0805"
"C1","51.2532mm","9.8490mm","TopLayer","360","C0805"
"C1","51.2532mm","38.1590mm","TopLayer","360","C0805"
"R3","1.7500mm","22.4890mm","TopLayer","90","RES-2512-6332"
"R3","1.7500mm","50.7990mm","TopLayer","90","RES-2512-6332"
"R3","7.2500mm","22.4890mm","TopLayer","90","RES-2512-6332"
"R3","7.2500mm","50.7990mm","TopLayer","90","RES-2512-6332"
"R3","12.7501mm","22.4890mm","TopLayer","90","RES-2512-6332"
"R3","12.7501mm","50.7990mm","TopLayer","90","RES-2512-6332"
"R3","18.2501mm","22.4890mm","TopLayer","90","RES-2512-6332"
"R3","18.2501mm","50.7990mm","TopLayer","90","RES-2512-6332"
"R3","23.7501mm","22.4890mm","TopLayer","90","RES-2512-6332"
"R3","23.7501mm","50.7990mm","TopLayer","90","RES-2512-6332"
"R3","29.2502mm","22.4890mm","TopLayer","90","RES-2512-6332"
"R3","29.2502mm","50.7990mm","TopLayer","90","RES-2512-6332"
"R3","34.7502mm","22.4890mm","TopLayer","90","RES-2512-6332"
"R3","34.7502mm","50.7990mm","TopLayer","90","RES-2512-6332"
"R3","40.2502mm","22.4890mm","TopLayer","90","RES-2512-6332"
"R3","40.2502mm","50.7990mm","TopLayer","90","RES-2512-6332"
"R3","45.7503mm","22.4890mm","TopLayer","90","RES-2512-6332"
"R3","45.7503mm","50.7990mm","TopLayer","90","RES-2512-6332"
"R3","51.2503mm","22.4890mm","TopLayer","90","RES-2512-6332"
"R3","51.2503mm","50.7990mm","TopLayer","90","RES-2512-6332"
"U1","1.7500mm","13.9890mm","TopLayer","270","MSSOP-8"
"U1","1.7500mm","42.2990mm","TopLayer","270","MSSOP-8"
"U1","7.2500mm","13.9890mm","TopLayer","270","MSSOP-8"
"U1","7.2500mm","42.2990mm","TopLayer","270","MSSOP-8"
"U1","12.7501mm","13.9890mm","TopLayer","270","MSSOP-8"
"U1","12.7501mm","42.2990mm","TopLayer","270","MSSOP-8"
"U1","18.2501mm","13.9890mm","TopLayer","270","MSSOP-8"
"U1","18.2501mm","42.2990mm","TopLayer","270","MSSOP-8"
"U1","23.7501mm","13.9890mm","TopLayer","270","MSSOP-8"
"U1","23.7501mm","42.2990mm","TopLayer","270","MSSOP-8"
"U1","29.2502mm","13.9890mm","TopLayer","270","MSSOP-8"
"U1","29.2502mm","42.2990mm","TopLayer","270","MSSOP-8"
"U1","34.7502mm","13.9890mm","TopLayer","270","MSSOP-8"
"U1","34.7502mm","42.2990mm","TopLayer","270","MSSOP-8"
"U1","40.2502mm","13.9890mm","TopLayer","270","MSSOP-8"
"U1","40.2502mm","42.2990mm","TopLayer","270","MSSOP-8"
"U1","45.7503mm","13.9890mm","TopLayer","270","MSSOP-8"
"U1","45.7503mm","42.2990mm","TopLayer","270","MSSOP-8"
"U1","51.2503mm","13.9890mm","TopLayer","270","MSSOP-8"
"U1","51.2503mm","42.2990mm","TopLayer","270","MSSOP-8"
